{
  "IcoMoonType": "selection",
  "icons": [
    {
      "icon": {
        "paths": [
          "M726.154 756.748h-429.011l-96.351 267.252h-139.252l391.034-1024h118.153l391.736 1024h-138.548zM337.934 645.629h348.133l-174.418-478.944z"
        ],
        "isMulticolor": false,
        "isMulticolor2": false,
        "tags": [
          "A"
        ],
        "defaultCode": 65,
        "grid": 1
      },
      "properties": {
        "id": 34,
        "order": 28,
        "prevSize": 32,
        "name": "A"
      },
      "setIdx": 0,
      "setId": 6,
      "iconIdx": 33
    },
    {
      "icon": {
        "paths": [
          "M163.523 1024v-1024h334.767q166.681 0 250.722 68.923t84.043 203.954q0 71.735-40.792 126.944t-111.122 85.451q82.988 23.207 131.167 88.263t48.174 155.076q0 137.845-89.316 216.613t-252.482 78.768h-355.165zM298.555 545.059v368.526h222.944q94.239 0 148.747-48.878t54.504-134.683q0-184.966-201.141-184.966h-225.055zM298.555 436.752h203.954q88.614 0 141.715-44.309t53.098-120.264q0-84.394-49.232-122.723t-149.8-38.33h-199.735v325.624z"
        ],
        "isMulticolor": false,
        "isMulticolor2": false,
        "tags": [
          "B"
        ],
        "defaultCode": 66,
        "grid": 1
      },
      "properties": {
        "id": 35,
        "order": 87,
        "prevSize": 32,
        "name": "B"
      },
      "setIdx": 0,
      "setId": 6,
      "iconIdx": 34
    },
    {
      "icon": {
        "paths": [
          "M895.658 694.075q-18.481 158.118-116.706 244.021t-261.134 85.904q-176.599 0-283.037-126.631t-106.439-338.824v-95.829q0-138.952 49.626-244.364t140.663-161.882 210.824-56.471q158.802 0 254.631 88.642t111.572 245.39h-132.107q-17.112-119.102-74.267-172.492t-159.829-53.39q-125.947 0-197.476 93.091t-71.529 264.898v96.513q0 162.225 67.765 258.053t189.604 95.829q109.519 0 168.043-49.626t77.69-172.834h132.107z"
        ],
        "isMulticolor": false,
        "isMulticolor2": false,
        "tags": [
          "C"
        ],
        "defaultCode": 67,
        "grid": 1
      },
      "properties": {
        "id": 36,
        "order": 30,
        "prevSize": 32,
        "name": "C"
      },
      "setIdx": 0,
      "setId": 6,
      "iconIdx": 35
    },
    {
      "icon": {
        "paths": [
          "M141.714 1024v-1024h289.055q133.626 0 236.308 59.077t158.593 168.088 56.615 250.374v65.407q0 144.879-55.912 253.89t-159.648 167.385-241.582 59.78h-283.429zM276.747 111.121v802.462h142.066q156.132 0 242.989-97.055t86.857-276.396v-59.78q0-174.418-81.934-271.121t-232.44-98.11h-157.538z"
        ],
        "isMulticolor": false,
        "isMulticolor2": false,
        "tags": [
          "D"
        ],
        "defaultCode": 68,
        "grid": 1
      },
      "properties": {
        "id": 37,
        "order": 31,
        "ligatures": "",
        "prevSize": 32,
        "name": "D"
      },
      "setIdx": 0,
      "setId": 6,
      "iconIdx": 36
    },
    {
      "icon": {
        "paths": [
          "M765.538 550.681h-443.78v362.901h515.516v110.418h-650.549v-1024h643.516v111.121h-508.484v329.143h443.78v110.418z"
        ],
        "isMulticolor": false,
        "isMulticolor2": false,
        "tags": [
          "E"
        ],
        "defaultCode": 69,
        "grid": 1
      },
      "properties": {
        "id": 38,
        "order": 32,
        "prevSize": 32,
        "name": "E"
      },
      "setIdx": 0,
      "setId": 6,
      "iconIdx": 37
    },
    {
      "icon": {
        "paths": [
          "M759.56 571.78h-429.714v452.22h-135.033v-1024h634.374v111.121h-499.341v350.242h429.714v110.418z"
        ],
        "isMulticolor": false,
        "isMulticolor2": false,
        "tags": [
          "F"
        ],
        "defaultCode": 70,
        "grid": 1
      },
      "properties": {
        "id": 39,
        "order": 33,
        "ligatures": "",
        "prevSize": 32,
        "name": "F"
      },
      "setIdx": 0,
      "setId": 6,
      "iconIdx": 38
    },
    {
      "icon": {
        "paths": [
          "M896 879.572q-50.652 72.556-141.348 108.492t-211.166 35.936q-121.84 0-216.299-57.155t-146.139-162.567-53.048-244.364v-86.93q0-225.198 105.070-349.091t295.358-123.893q156.064 0 251.209 79.743t116.364 226.225h-131.422q-36.963-197.818-235.465-197.818-132.107 0-200.214 92.749t-68.791 268.663v81.455q0 167.701 76.663 266.61t207.401 98.909q73.925 0 129.369-16.428t91.722-55.444v-223.829h-230.674v-106.781h361.412v365.519z"
        ],
        "isMulticolor": false,
        "isMulticolor2": false,
        "tags": [
          "G"
        ],
        "defaultCode": 71,
        "grid": 1
      },
      "properties": {
        "id": 40,
        "order": 34,
        "ligatures": "",
        "prevSize": 32,
        "name": "G"
      },
      "setIdx": 0,
      "setId": 6,
      "iconIdx": 39
    },
    {
      "icon": {
        "paths": [
          "M905.495 1024h-135.736v-473.319h-516.22v473.319h-135.033v-1024h135.033v440.264h516.22v-440.264h135.736v1024z"
        ],
        "isMulticolor": false,
        "isMulticolor2": false,
        "tags": [
          "H"
        ],
        "defaultCode": 72,
        "grid": 1
      },
      "properties": {
        "id": 41,
        "order": 35,
        "prevSize": 32,
        "name": "H"
      },
      "setIdx": 0,
      "setId": 6,
      "iconIdx": 40
    },
    {
      "icon": {
        "paths": [
          "M579.516 1024h-135.033v-1024h135.033v1024z"
        ],
        "isMulticolor": false,
        "isMulticolor2": false,
        "tags": [
          "I"
        ],
        "defaultCode": 73,
        "grid": 1
      },
      "properties": {
        "id": 42,
        "order": 36,
        "prevSize": 32,
        "name": "I"
      },
      "setIdx": 0,
      "setId": 6,
      "iconIdx": 41
    },
    {
      "icon": {
        "paths": [
          "M696.889 0h133.897v715.274q0 144.997-87.068 226.862t-232.065 81.864q-150.547 0-234.493-77.008t-83.946-215.762h133.203q0 86.721 47.523 135.285t137.713 48.564q82.558 0 133.55-52.033t51.686-145.691v-717.355z"
        ],
        "isMulticolor": false,
        "isMulticolor2": false,
        "tags": [
          "J"
        ],
        "defaultCode": 74,
        "grid": 1
      },
      "properties": {
        "id": 43,
        "order": 37,
        "prevSize": 32,
        "name": "J"
      },
      "setIdx": 0,
      "setId": 6,
      "iconIdx": 42
    },
    {
      "icon": {
        "paths": [
          "M379.78 547.868l-125.187 130.11v346.022h-135.033v-1024h135.033v506.374l455.033-506.374h163.165l-402.989 452.22 434.637 571.78h-161.758z"
        ],
        "isMulticolor": false,
        "isMulticolor2": false,
        "tags": [
          "K"
        ],
        "defaultCode": 75,
        "grid": 1
      },
      "properties": {
        "id": 44,
        "order": 38,
        "prevSize": 32,
        "name": "K"
      },
      "setIdx": 0,
      "setId": 6,
      "iconIdx": 43
    },
    {
      "icon": {
        "paths": [
          "M337.231 913.582h485.275v110.418h-621.011v-1024h135.736v913.582z"
        ],
        "isMulticolor": false,
        "isMulticolor2": false,
        "tags": [
          "L"
        ],
        "defaultCode": 76,
        "grid": 1
      },
      "properties": {
        "id": 45,
        "order": 39,
        "ligatures": "",
        "prevSize": 32,
        "name": "L"
      },
      "setIdx": 0,
      "setId": 6,
      "iconIdx": 44
    },
    {
      "icon": {
        "paths": [
          "M176.879 0l334.769 835.516 334.769-835.516h175.121v1024h-135.033v-398.769l12.659-430.418-336.176 829.187h-103.385l-335.473-827.077 13.363 428.308v398.769h-135.033v-1024h174.418z"
        ],
        "isMulticolor": false,
        "isMulticolor2": false,
        "tags": [
          "M"
        ],
        "defaultCode": 77,
        "grid": 1
      },
      "properties": {
        "id": 46,
        "order": 40,
        "prevSize": 32,
        "name": "M"
      },
      "setIdx": 0,
      "setId": 6,
      "iconIdx": 45
    },
    {
      "icon": {
        "paths": [
          "M905.493 1024h-135.736l-515.516-789.099v789.099h-135.736v-1024h135.736l516.923 792.615v-792.615h134.33v1024z"
        ],
        "isMulticolor": false,
        "isMulticolor2": false,
        "tags": [
          "N"
        ],
        "defaultCode": 78,
        "grid": 1
      },
      "properties": {
        "id": 47,
        "order": 41,
        "prevSize": 32,
        "name": "N"
      },
      "setIdx": 0,
      "setId": 6,
      "iconIdx": 46
    },
    {
      "icon": {
        "paths": [
          "M912.77 544.171q0 146.481-49.283 255.658t-139.636 166.674-210.824 57.497q-117.733 0-208.77-57.84t-141.348-164.963-51.679-248.128v-71.872q0-143.743 49.968-253.947t141.348-168.727 209.112-58.524q119.786 0 211.166 57.84t140.663 167.701 49.283 255.658v62.973zM782.032 479.829q0-177.283-71.187-272.086t-199.187-94.802q-124.578 0-196.107 94.802t-73.583 263.187v73.241q0 171.807 72.214 270.032t198.845 98.225q127.316 0 197.134-92.749t71.872-265.925v-73.925z"
        ],
        "isMulticolor": false,
        "isMulticolor2": false,
        "tags": [
          "O"
        ],
        "defaultCode": 79,
        "grid": 1
      },
      "properties": {
        "id": 48,
        "order": 42,
        "prevSize": 32,
        "name": "O"
      },
      "setIdx": 0,
      "setId": 6,
      "iconIdx": 47
    },
    {
      "icon": {
        "paths": [
          "M278.857 623.121v400.879h-135.033v-1024h377.67q168.088 0 263.385 85.802t95.297 227.165q0 149.099-93.187 229.626t-266.901 80.527h-241.231zM278.857 512.703h242.637q108.308 0 165.978-50.989t57.67-147.341q0-91.429-57.67-146.286t-158.242-56.967h-250.374v401.582z"
        ],
        "isMulticolor": false,
        "isMulticolor2": false,
        "tags": [
          "P"
        ],
        "defaultCode": 80,
        "grid": 1
      },
      "properties": {
        "id": 49,
        "order": 43,
        "prevSize": 32,
        "name": "P"
      },
      "setIdx": 0,
      "setId": 6,
      "iconIdx": 48
    },
    {
      "icon": {
        "paths": [
          "M858.983 472.753q0 125.473-39.842 216.158t-111.796 141.826l154.611 121.31-77.9 71.954-182.56-145.096q-42.815 10.704-90.388 10.704-102.281 0-181.37-50.249t-122.797-143.312-44.897-215.563v-62.439q0-124.878 43.41-220.618t122.797-146.583 181.668-50.843q104.66 0 184.046 50.546t122.202 145.394 42.815 221.51v55.303zM744.808 416.855q0-152.827-60.952-235.782t-173.937-82.955q-107.633 0-169.775 82.36t-63.926 228.646v63.628q0 148.664 62.142 234.295t172.748 85.631 171.261-80.576 62.439-231.024v-64.223z"
        ],
        "isMulticolor": false,
        "isMulticolor2": false,
        "tags": [
          "Q"
        ],
        "defaultCode": 81,
        "grid": 1
      },
      "properties": {
        "id": 50,
        "order": 44,
        "ligatures": "",
        "prevSize": 32,
        "name": "Q"
      },
      "setIdx": 0,
      "setId": 6,
      "iconIdx": 49
    },
    {
      "icon": {
        "paths": [
          "M516.571 609.758h-240.527v414.242h-135.736v-1024h338.989q173.011 0 266.198 78.769t93.187 229.275q0 95.648-51.692 166.681t-143.824 106.198l240.527 434.637v8.44h-144.879zM276.044 499.341h207.473q100.571 0 160-52.044t59.429-139.253q0-94.945-56.615-145.582t-163.516-51.341h-206.769v388.22z"
        ],
        "isMulticolor": false,
        "isMulticolor2": false,
        "tags": [
          "R"
        ],
        "defaultCode": 82,
        "grid": 1
      },
      "properties": {
        "id": 51,
        "order": 45,
        "ligatures": "",
        "prevSize": 32,
        "name": "R"
      },
      "setIdx": 0,
      "setId": 6,
      "iconIdx": 50
    },
    {
      "icon": {
        "paths": [
          "M504.471 566.075q-169.070-48.599-246.075-119.444t-77.005-174.888q0-117.733 94.118-194.738t244.706-77.005q102.674 0 183.102 39.701t124.578 109.519 44.15 152.642h-132.107q0-90.353-57.497-142.032t-162.225-51.679q-97.198 0-151.615 42.781t-54.417 118.759q0 60.92 51.679 103.016t175.914 77.005 194.396 77.005 104.043 98.225 33.882 132.107q0 121.155-94.46 194.053t-252.578 72.898q-102.674 0-191.658-39.358t-137.241-107.807-48.257-155.38h132.107q0 90.353 66.738 142.717t178.31 52.364q104.043 0 159.487-42.439t55.444-115.679-51.337-113.283-186.182-79.059z"
        ],
        "isMulticolor": false,
        "isMulticolor2": false,
        "tags": [
          "S"
        ],
        "defaultCode": 83,
        "grid": 1
      },
      "properties": {
        "id": 52,
        "order": 46,
        "prevSize": 32,
        "name": "S"
      },
      "setIdx": 0,
      "setId": 6,
      "iconIdx": 51
    },
    {
      "icon": {
        "paths": [
          "M907.957 111.121h-329.143v912.879h-134.33v-912.879h-328.44v-111.121h791.912v111.121z"
        ],
        "isMulticolor": false,
        "isMulticolor2": false,
        "tags": [
          "T"
        ],
        "defaultCode": 84,
        "grid": 1
      },
      "properties": {
        "id": 53,
        "order": 47,
        "prevSize": 32,
        "name": "T"
      },
      "setIdx": 0,
      "setId": 6,
      "iconIdx": 52
    },
    {
      "icon": {
        "paths": [
          "M877.615 0v686.829q-0.694 142.916-89.843 233.799t-241.778 101.984l-35.382 1.388q-165.81 0-264.325-89.496t-99.902-246.287v-688.217h131.816v684.054q0 109.615 60.358 170.32t172.054 60.705q113.084 0 173.095-60.358t60.011-169.973v-684.748h133.897z"
        ],
        "isMulticolor": false,
        "isMulticolor2": false,
        "tags": [
          "U"
        ],
        "defaultCode": 85,
        "grid": 1
      },
      "properties": {
        "id": 54,
        "order": 48,
        "ligatures": "",
        "prevSize": 32,
        "name": "U"
      },
      "setIdx": 0,
      "setId": 6,
      "iconIdx": 53
    },
    {
      "icon": {
        "paths": [
          "M510.945 844.659l292.571-844.659h147.692l-379.78 1024h-119.56l-379.077-1024h146.989z"
        ],
        "isMulticolor": false,
        "isMulticolor2": false,
        "tags": [
          "V"
        ],
        "defaultCode": 86,
        "grid": 1
      },
      "properties": {
        "id": 55,
        "order": 49,
        "ligatures": "",
        "prevSize": 32,
        "name": "V"
      },
      "setIdx": 0,
      "setId": 6,
      "iconIdx": 54
    },
    {
      "icon": {
        "paths": [
          "M252.411 672.897l16.748 114.841 24.523-103.477 172.262-607.701h96.897l168.075 607.701 23.925 105.271 18.542-117.234 135.178-595.738h115.439l-211.14 870.879h-104.673l-179.439-634.617-13.757-66.393-13.757 66.393-186.019 634.617h-104.673l-210.542-870.879h114.841z"
        ],
        "isMulticolor": false,
        "isMulticolor2": false,
        "tags": [
          "W"
        ],
        "defaultCode": 87,
        "grid": 1
      },
      "properties": {
        "id": 56,
        "order": 50,
        "ligatures": "",
        "prevSize": 32,
        "name": "W"
      },
      "setIdx": 0,
      "setId": 6,
      "iconIdx": 55
    },
    {
      "icon": {
        "paths": [
          "M512.352 392.44l245.451-392.44h158.945l-323.516 507.78 331.253 516.22h-160.352l-251.78-399.473-253.187 399.473h-159.648l331.956-516.22-324.22-507.78h158.242z"
        ],
        "isMulticolor": false,
        "isMulticolor2": false,
        "tags": [
          "X"
        ],
        "defaultCode": 88,
        "grid": 1
      },
      "properties": {
        "id": 57,
        "order": 51,
        "prevSize": 32,
        "name": "X"
      },
      "setIdx": 0,
      "setId": 6,
      "iconIdx": 56
    },
    {
      "icon": {
        "paths": [
          "M512 514.11l267.253-514.11h153.319l-353.055 642.11v381.89h-135.033v-381.89l-353.055-642.11h154.725z"
        ],
        "isMulticolor": false,
        "isMulticolor2": false,
        "tags": [
          "Y"
        ],
        "defaultCode": 89,
        "grid": 1
      },
      "properties": {
        "id": 58,
        "order": 52,
        "prevSize": 32,
        "name": "Y"
      },
      "setIdx": 0,
      "setId": 6,
      "iconIdx": 57
    },
    {
      "icon": {
        "paths": [
          "M298.901 913.582h585.846v110.418h-745.495v-101.275l561.231-811.604h-552.088v-111.121h713.846v99.165z"
        ],
        "isMulticolor": false,
        "isMulticolor2": false,
        "tags": [
          "Z"
        ],
        "defaultCode": 90,
        "grid": 1
      },
      "properties": {
        "id": 59,
        "order": 53,
        "prevSize": 32,
        "name": "Z"
      },
      "setIdx": 0,
      "setId": 6,
      "iconIdx": 58
    },
    {
      "icon": {
        "paths": [
          "M726.154 756.747h-429.011l-96.352 267.253h-139.253l391.033-1024h118.154l391.736 1024h-138.549zM337.934 645.626h348.132l-174.418-478.945z"
        ],
        "isMulticolor": false,
        "isMulticolor2": false,
        "tags": [
          "С_А"
        ],
        "defaultCode": 1040,
        "grid": 1
      },
      "properties": {
        "id": 448,
        "order": 54,
        "ligatures": "",
        "prevSize": 32,
        "name": "_"
      },
      "setIdx": 0,
      "setId": 6,
      "iconIdx": 447
    },
    {
      "icon": {
        "paths": [
          "M776.088 111.121h-493.714v306.637h254.593q160.352 2.11 250.374 82.286t90.022 218.022q0 138.549-90.725 220.835t-247.56 85.099h-392.44v-1024h629.451v111.121zM282.374 528.879v384.703h246.857q100.571 0 156.484-53.451t55.912-143.473q0-86.505-53.802-136.44t-152.967-51.341h-252.484z"
        ],
        "isMulticolor": false,
        "isMulticolor2": false,
        "tags": [
          "uni0411"
        ],
        "defaultCode": 1041,
        "grid": 1
      },
      "properties": {
        "id": 449,
        "order": 55,
        "ligatures": "",
        "prevSize": 32,
        "name": "uni0411"
      },
      "setIdx": 0,
      "setId": 6,
      "iconIdx": 448
    },
    {
      "icon": {
        "paths": [
          "M163.516 1024v-1024h334.769q166.681 0 250.725 68.923t84.044 203.956q0 71.736-40.791 126.945t-111.121 85.451q82.989 23.209 131.165 88.264t48.176 155.077q0 137.846-89.319 216.615t-252.484 78.769h-355.165zM298.549 545.055v368.527h222.945q94.242 0 148.747-48.879t54.505-134.681q0-184.967-201.143-184.967h-225.055zM298.549 436.747h203.956q88.615 0 141.714-44.308t53.099-120.264q0-84.396-49.231-122.725t-149.802-38.33h-199.736v325.626z"
        ],
        "isMulticolor": false,
        "isMulticolor2": false,
        "tags": [
          "uni0412"
        ],
        "defaultCode": 1042,
        "grid": 1
      },
      "properties": {
        "id": 450,
        "order": 56,
        "ligatures": "",
        "prevSize": 32,
        "name": "uni0412"
      },
      "setIdx": 0,
      "setId": 6,
      "iconIdx": 449
    },
    {
      "icon": {
        "paths": [
          "M826.724 111.121h-493.714v912.879h-135.736v-1024h629.451v111.121z"
        ],
        "isMulticolor": false,
        "isMulticolor2": false,
        "tags": [
          "uni0413"
        ],
        "defaultCode": 1043,
        "grid": 1
      },
      "properties": {
        "id": 451,
        "order": 57,
        "ligatures": "",
        "prevSize": 32,
        "name": "uni0413"
      },
      "setIdx": 0,
      "setId": 6,
      "iconIdx": 450
    },
    {
      "icon": {
        "paths": [
          "M914.77 1023.436h-107.819v-201.526h-589.901v202.090h-108.384l-0.564-290.717h67.175q53.063-59.837 84.393-160.6t39.233-221.001l18.064-351.682h491.678v733.283h107.255zM298.902 733.283h400.794v-644.093h-278.298l-11.854 241.605q-7.338 141.689-37.539 241.605t-73.103 160.882z"
        ],
        "isMulticolor": false,
        "isMulticolor2": false,
        "tags": [
          "uni0414"
        ],
        "defaultCode": 1044,
        "grid": 1
      },
      "properties": {
        "id": 452,
        "order": 58,
        "ligatures": "",
        "prevSize": 32,
        "name": "uni0414"
      },
      "setIdx": 0,
      "setId": 6,
      "iconIdx": 451
    },
    {
      "icon": {
        "paths": [
          "M765.538 550.681h-443.78v362.901h515.516v110.418h-650.549v-1024h643.516v111.121h-508.484v329.143h443.78v110.418z"
        ],
        "isMulticolor": false,
        "isMulticolor2": false,
        "tags": [
          "uni0415"
        ],
        "defaultCode": 1045,
        "grid": 1
      },
      "properties": {
        "id": 453,
        "order": 59,
        "ligatures": "",
        "prevSize": 32,
        "name": "uni0415"
      },
      "setIdx": 0,
      "setId": 6,
      "iconIdx": 452
    },
    {
      "icon": {
        "paths": [
          "M656.194 548.048h-87.868v374.002h-108.145v-374.002h-92.937l-232.062 374.002h-135.182l275.996-432.581-254.592-387.52h127.859l217.98 355.978h92.937v-355.978h108.145v355.978h88.994l217.98-355.978h127.296l-254.592 386.957 275.996 433.144h-134.618z"
        ],
        "isMulticolor": false,
        "isMulticolor2": false,
        "tags": [
          "uni0416"
        ],
        "defaultCode": 1046,
        "grid": 1
      },
      "properties": {
        "id": 454,
        "order": 60,
        "ligatures": "",
        "prevSize": 32,
        "name": "uni0416"
      },
      "setIdx": 0,
      "setId": 6,
      "iconIdx": 453
    },
    {
      "icon": {
        "paths": [
          "M724.877 281.326q0-79.401-57.84-126.289t-162.567-46.888q-87.615 0-146.824 48.257t-59.209 119.444h-131.422q0-79.401 43.465-142.374t121.497-98.225 172.492-35.251q167.016 0 259.422 74.952t92.406 208.428q0 69.134-42.439 125.947t-118.417 89.668q175.914 58.866 175.914 233.412 0 134.16-99.936 212.877t-266.952 78.717q-99.251 0-180.364-35.251t-126.289-100.278-45.176-154.695h131.422q0 78.717 62.289 131.080t158.118 52.364q107.465 0 171.465-49.968t64-132.107q0-175.23-216.984-178.652h-123.209v-108.15h122.524q99.936-2.053 151.273-45.176t51.337-121.84z"
        ],
        "isMulticolor": false,
        "isMulticolor2": false,
        "tags": [
          "uni0417"
        ],
        "defaultCode": 1047,
        "grid": 1
      },
      "properties": {
        "id": 455,
        "order": 61,
        "ligatures": "",
        "prevSize": 32,
        "name": "uni0417"
      },
      "setIdx": 0,
      "setId": 6,
      "iconIdx": 454
    },
    {
      "icon": {
        "paths": [
          "M764.484 0h135.033v1024h-135.033v-789.099l-504.264 789.099h-135.736v-1024h135.736v789.099z"
        ],
        "isMulticolor": false,
        "isMulticolor2": false,
        "tags": [
          "uni0418"
        ],
        "defaultCode": 1048,
        "grid": 1
      },
      "properties": {
        "id": 456,
        "order": 62,
        "ligatures": "",
        "prevSize": 32,
        "name": "uni0418"
      },
      "setIdx": 0,
      "setId": 6,
      "iconIdx": 455
    },
    {
      "icon": {
        "paths": [
          "M373.802 564.044h-124.484v459.956h-135.033v-1024h135.033v451.516h105.495l357.978-451.516h168.088l-391.033 496.527 419.868 527.473h-165.275z"
        ],
        "isMulticolor": false,
        "isMulticolor2": false,
        "tags": [
          "uni041A"
        ],
        "defaultCode": 1050,
        "grid": 1
      },
      "properties": {
        "id": 458,
        "order": 64,
        "prevSize": 32,
        "name": "uni041A"
      },
      "setIdx": 0,
      "setId": 6,
      "iconIdx": 457
    },
    {
      "icon": {
        "paths": [
          "M942.066 0v1024h-135.033v-912.879h-367.121l-18.286 405.802q-10.549 203.956-41.846 306.637t-91.78 150.857-161.758 49.582h-44.308v-110.418l28.132-1.407q65.407-4.923 100.571-42.549t53.451-119.912 26.022-253.187l21.099-496.527h630.857z"
        ],
        "isMulticolor": false,
        "isMulticolor2": false,
        "tags": [
          "uni041B"
        ],
        "defaultCode": 1051,
        "grid": 1
      },
      "properties": {
        "id": 459,
        "order": 65,
        "ligatures": "",
        "prevSize": 32,
        "name": "uni041B"
      },
      "setIdx": 0,
      "setId": 6,
      "iconIdx": 458
    },
    {
      "icon": {
        "paths": [
          "M176.879 0l334.769 835.516 334.769-835.516h175.121v1024h-135.033v-398.769l12.659-430.418-336.176 829.187h-103.385l-335.473-827.077 13.363 428.308v398.769h-135.033v-1024h174.418z"
        ],
        "isMulticolor": false,
        "isMulticolor2": false,
        "tags": [
          "uni041C"
        ],
        "defaultCode": 1052,
        "grid": 1
      },
      "properties": {
        "id": 460,
        "order": 66,
        "ligatures": "",
        "prevSize": 32,
        "name": "uni041C"
      },
      "setIdx": 0,
      "setId": 6,
      "iconIdx": 459
    },
    {
      "icon": {
        "paths": [
          "M905.495 1024h-135.736v-473.319h-516.22v473.319h-135.033v-1024h135.033v440.264h516.22v-440.264h135.736v1024z"
        ],
        "isMulticolor": false,
        "isMulticolor2": false,
        "tags": [
          "uni041D"
        ],
        "defaultCode": 1053,
        "grid": 1
      },
      "properties": {
        "id": 461,
        "order": 67,
        "ligatures": "",
        "prevSize": 32,
        "name": "uni041D"
      },
      "setIdx": 0,
      "setId": 6,
      "iconIdx": 460
    },
    {
      "icon": {
        "paths": [
          "M912.77 544.171q0 146.481-49.283 255.658t-139.636 166.674-210.824 57.497q-117.733 0-208.77-57.84t-141.348-164.963-51.679-248.128v-71.872q0-143.743 49.968-253.947t141.348-168.727 209.112-58.524q119.786 0 211.166 57.84t140.663 167.701 49.283 255.658v62.973zM782.032 479.829q0-177.283-71.187-272.086t-199.187-94.802q-124.578 0-196.107 94.802t-73.583 263.187v73.241q0 171.807 72.214 270.032t198.845 98.225q127.316 0 197.134-92.749t71.872-265.925v-73.925z"
        ],
        "isMulticolor": false,
        "isMulticolor2": false,
        "tags": [
          "uni041E"
        ],
        "defaultCode": 1054,
        "grid": 1
      },
      "properties": {
        "id": 462,
        "order": 68,
        "ligatures": "",
        "prevSize": 32,
        "name": "uni041E"
      },
      "setIdx": 0,
      "setId": 6,
      "iconIdx": 461
    },
    {
      "icon": {
        "paths": [
          "M899.868 1024h-135.736v-912.879h-504.967v912.879h-135.033v-1024h775.736v1024z"
        ],
        "isMulticolor": false,
        "isMulticolor2": false,
        "tags": [
          "uni041F"
        ],
        "defaultCode": 1055,
        "grid": 1
      },
      "properties": {
        "id": 463,
        "order": 69,
        "ligatures": "",
        "prevSize": 32,
        "name": "uni041F"
      },
      "setIdx": 0,
      "setId": 6,
      "iconIdx": 462
    },
    {
      "icon": {
        "paths": [
          "M278.857 623.121v400.879h-135.033v-1024h377.67q168.088 0 263.385 85.802t95.297 227.165q0 149.099-93.187 229.626t-266.901 80.527h-241.231zM278.857 512.703h242.637q108.308 0 165.978-50.989t57.67-147.341q0-91.429-57.67-146.286t-158.242-56.967h-250.374v401.582z"
        ],
        "isMulticolor": false,
        "isMulticolor2": false,
        "tags": [
          "uni0420"
        ],
        "defaultCode": 1056,
        "grid": 1
      },
      "properties": {
        "id": 464,
        "order": 70,
        "ligatures": "",
        "prevSize": 32,
        "name": "uni0420"
      },
      "setIdx": 0,
      "setId": 6,
      "iconIdx": 463
    },
    {
      "icon": {
        "paths": [
          "M895.658 694.075q-18.481 158.118-116.706 244.021t-261.134 85.904q-176.599 0-283.037-126.631t-106.439-338.824v-95.829q0-138.952 49.626-244.364t140.663-161.882 210.824-56.471q158.802 0 254.631 88.642t111.572 245.39h-132.107q-17.112-119.102-74.267-172.492t-159.829-53.39q-125.947 0-197.476 93.091t-71.529 264.898v96.513q0 162.225 67.765 258.053t189.604 95.829q109.519 0 168.043-49.626t77.69-172.834h132.107z"
        ],
        "isMulticolor": false,
        "isMulticolor2": false,
        "tags": [
          "uni0421"
        ],
        "defaultCode": 1057,
        "grid": 1
      },
      "properties": {
        "id": 465,
        "order": 71,
        "ligatures": "",
        "prevSize": 32,
        "name": "uni0421"
      },
      "setIdx": 0,
      "setId": 6,
      "iconIdx": 464
    },
    {
      "icon": {
        "paths": [
          "M907.956 111.121h-329.143v912.879h-134.33v-912.879h-328.44v-111.121h791.912v111.121z"
        ],
        "isMulticolor": false,
        "isMulticolor2": false,
        "tags": [
          "uni0422"
        ],
        "defaultCode": 1058,
        "grid": 1
      },
      "properties": {
        "id": 466,
        "order": 72,
        "ligatures": "",
        "prevSize": 32,
        "name": "uni0422"
      },
      "setIdx": 0,
      "setId": 6,
      "iconIdx": 465
    },
    {
      "icon": {
        "paths": [
          "M523.786 585.836l232.255-585.836h154.605l-357.048 840.97q-36.051 80.422-67.25 114.047t-73.143 51.304-105.035 17.679q-54.77 0-70.023-6.24l4.16-105.381 63.090 2.773q72.796 0 108.154-70.023l17.332-36.051 26.345-61.703-343.875-747.374h149.059z"
        ],
        "isMulticolor": false,
        "isMulticolor2": false,
        "tags": [
          "uni0423"
        ],
        "defaultCode": 1059,
        "grid": 1
      },
      "properties": {
        "id": 467,
        "order": 73,
        "ligatures": "",
        "prevSize": 32,
        "name": "uni0423"
      },
      "setIdx": 0,
      "setId": 6,
      "iconIdx": 466
    },
    {
      "icon": {
        "paths": [
          "M572.426 133.848h20.142q107.208 0.65 195.574 50.030t137.421 136.122 49.056 193.949q0 107.858-49.381 195.574t-136.447 136.772-193.624 50.355h-22.741v127.35h-120.853v-127.35h-18.193q-108.508 0-197.198-49.381t-137.746-136.447-49.056-195.574 49.056-195.574 137.746-136.447 197.198-49.381h18.193v-133.848h120.853v133.848zM433.381 231.959q-122.152 0-193.299 75.046t-71.147 208.244q0 133.848 70.822 208.244t194.924 74.396h16.893v-565.929h-18.193zM572.426 231.959v565.929h18.193q124.102 0 193.949-76.345t69.848-207.594q0-129.949-69.848-205.97t-196.548-76.020h-15.594z"
        ],
        "isMulticolor": false,
        "isMulticolor2": false,
        "tags": [
          "uni0424"
        ],
        "defaultCode": 1060,
        "grid": 1
      },
      "properties": {
        "id": 468,
        "order": 74,
        "ligatures": "",
        "prevSize": 32,
        "name": "uni0424"
      },
      "setIdx": 0,
      "setId": 6,
      "iconIdx": 467
    },
    {
      "icon": {
        "paths": [
          "M512.352 392.44l245.451-392.44h158.945l-323.516 507.78 331.253 516.22h-160.352l-251.78-399.473-253.187 399.473h-159.648l331.956-516.22-324.22-507.78h158.242z"
        ],
        "isMulticolor": false,
        "isMulticolor2": false,
        "tags": [
          "uni0425"
        ],
        "defaultCode": 1061,
        "grid": 1
      },
      "properties": {
        "id": 469,
        "order": 75,
        "ligatures": "",
        "prevSize": 32,
        "name": "uni0425"
      },
      "setIdx": 0,
      "setId": 6,
      "iconIdx": 468
    },
    {
      "icon": {
        "paths": [
          "M156.122 0h109.37v736.124h406.88v-736.124h108.804v733.857h86.703l-10.2 290.143h-98.037v-198.906h-603.52v-825.094z"
        ],
        "isMulticolor": false,
        "isMulticolor2": false,
        "tags": [
          "uni0426"
        ],
        "defaultCode": 1062,
        "grid": 1
      },
      "properties": {
        "id": 470,
        "order": 76,
        "ligatures": "",
        "prevSize": 32,
        "name": "uni0426"
      },
      "setIdx": 0,
      "setId": 6,
      "iconIdx": 469
    },
    {
      "icon": {
        "paths": [
          "M889.67 0v1024h-135.736v-424.088q-73.846 21.099-134.33 29.187t-137.846 8.088q-175.121 0-260.22-75.956t-87.209-232.791v-328.44h135.736v324.923q0.703 106.901 48.879 154.022t162.813 47.121q133.626 0 272.176-37.978v-488.088h135.736z"
        ],
        "isMulticolor": false,
        "isMulticolor2": false,
        "tags": [
          "uni0427"
        ],
        "defaultCode": 1063,
        "grid": 1
      },
      "properties": {
        "id": 471,
        "order": 77,
        "ligatures": "",
        "prevSize": 32,
        "name": "uni0427"
      },
      "setIdx": 0,
      "setId": 6,
      "iconIdx": 470
    },
    {
      "icon": {
        "paths": [
          "M125.481 38.684v844.556h325.73v-844.556h124.18v844.556h323.779v-844.556h124.83v946.631h-1024v-946.631h125.481z"
        ],
        "isMulticolor": false,
        "isMulticolor2": false,
        "tags": [
          "uni0428"
        ],
        "defaultCode": 1064,
        "grid": 1
      },
      "properties": {
        "id": 472,
        "order": 78,
        "ligatures": "",
        "prevSize": 32,
        "name": "uni0428"
      },
      "setIdx": 0,
      "setId": 6,
      "iconIdx": 471
    },
    {
      "icon": {
        "paths": [
          "M133.454 0v736.124h283.909v-736.124h108.237v736.124h282.209v-736.124h108.804v739.524h83.303l-10.2 284.476h-93.503v-198.906h-872.128v-825.094h109.37z"
        ],
        "isMulticolor": false,
        "isMulticolor2": false,
        "tags": [
          "uni0429"
        ],
        "defaultCode": 1065,
        "grid": 1
      },
      "properties": {
        "id": 473,
        "order": 79,
        "ligatures": "",
        "prevSize": 32,
        "name": "uni0429"
      },
      "setIdx": 0,
      "setId": 6,
      "iconIdx": 472
    },
    {
      "icon": {
        "paths": [
          "M2.813 0h424.088v417.758h243.341q168.088 0 259.516 80.527t91.429 219.78q0 138.549-90.725 221.187t-249.67 84.747h-389.626v-917.099h-288.352v-106.901zM426.901 528.879v384.703h246.857q99.868 0 155.78-53.451t55.912-143.473q0-86.505-53.802-136.44t-152.264-51.341h-252.484z"
        ],
        "isMulticolor": false,
        "isMulticolor2": false,
        "tags": [
          "uni042A"
        ],
        "defaultCode": 1066,
        "grid": 1
      },
      "properties": {
        "id": 474,
        "order": 80,
        "ligatures": "",
        "prevSize": 32,
        "name": "uni042A"
      },
      "setIdx": 0,
      "setId": 6,
      "iconIdx": 473
    },
    {
      "icon": {
        "paths": [
          "M152.615 417.758h254.593q160.352 2.11 250.374 82.286t90.022 218.022q0 138.549-90.725 220.835t-247.56 85.099h-391.736v-1024h135.033v417.758zM152.615 528.879v384.703h246.857q100.571 0 156.484-53.451t55.912-143.473q0-86.505-53.802-136.44t-152.967-51.341h-252.484zM1006.418 1024h-135.033v-1024h135.033v1024z"
        ],
        "isMulticolor": false,
        "isMulticolor2": false,
        "tags": [
          "uni042B"
        ],
        "defaultCode": 1067,
        "grid": 1
      },
      "properties": {
        "id": 475,
        "order": 81,
        "ligatures": "",
        "prevSize": 32,
        "name": "uni042B"
      },
      "setIdx": 0,
      "setId": 6,
      "iconIdx": 474
    },
    {
      "icon": {
        "paths": [
          "M282.022 417.758h254.593q160.352 2.11 250.374 82.286t90.022 218.022q0 138.549-90.725 220.835t-247.56 85.099h-391.736v-1024h135.033v417.758zM282.022 528.879v384.703h246.857q100.571 0 156.484-53.451t55.912-143.473q0-86.505-53.802-136.44t-152.967-51.341h-252.484z"
        ],
        "isMulticolor": false,
        "isMulticolor2": false,
        "tags": [
          "uni042C"
        ],
        "defaultCode": 1068,
        "grid": 1
      },
      "properties": {
        "id": 476,
        "order": 82,
        "ligatures": "",
        "prevSize": 32,
        "name": "uni042C"
      },
      "setIdx": 0,
      "setId": 6,
      "iconIdx": 475
    },
    {
      "icon": {
        "paths": [
          "M260.449 694.075q19.166 123.209 77.69 172.834t168.043 49.626q118.417 0 187.209-92.406t70.16-256.684h-392.214v-108.15h392.214q0-162.225-70.845-256.684t-198.16-94.46q-102.674 0-159.829 53.39t-74.267 172.492h-132.107q15.743-156.749 111.572-245.39t254.631-88.642q120.471 0 211.85 57.155t140.321 162.909 48.941 243.337v99.251q0 137.583-48.599 242.995t-137.241 161.882-203.636 56.471q-162.909 0-261.134-85.904t-116.706-244.021h132.107z"
        ],
        "isMulticolor": false,
        "isMulticolor2": false,
        "tags": [
          "uni042D"
        ],
        "defaultCode": 1069,
        "grid": 1
      },
      "properties": {
        "id": 477,
        "order": 83,
        "ligatures": "",
        "prevSize": 32,
        "name": "uni042D"
      },
      "setIdx": 0,
      "setId": 6,
      "iconIdx": 476
    },
    {
      "icon": {
        "paths": [
          "M1024 542.635q0 139.488-46.931 243.453t-132.97 158.717-200.759 54.752q-108.201 0-193.915-52.145t-134.274-149.265-53.775-226.831h-136.229v415.206h-125.148v-949.041h125.148v435.412h135.577q1.955-134.274 48.886-235.631t133.622-157.087 198.803-55.73q114.067 0 201.085 55.078t133.948 159.694 46.931 243.453v59.967zM899.504 481.365q0-168.82-67.789-259.096t-189.678-90.276q-118.63 0-186.745 90.276t-70.070 250.623v69.744q0 163.605 68.766 257.141t189.352 93.535q121.237 0 187.722-88.321t68.44-253.23v-70.396z"
        ],
        "isMulticolor": false,
        "isMulticolor2": false,
        "tags": [
          "uni042E"
        ],
        "defaultCode": 1070,
        "grid": 1
      },
      "properties": {
        "id": 478,
        "order": 84,
        "ligatures": "",
        "prevSize": 32,
        "name": "uni042E"
      },
      "setIdx": 0,
      "setId": 6,
      "iconIdx": 477
    },
    {
      "icon": {
        "paths": [
          "M740.22 1024v-398.769h-236.308l-211.692 398.769h-144.176l237.714-436.044q-198.33-78.066-198.33-279.209 0-146.286 96-227.516t266.901-81.231h325.626v1024h-135.736zM322.462 308.747q0 92.835 58.022 149.099t161.407 56.967h198.33v-403.692h-192q-109.714 0-167.736 52.044t-58.022 145.582z"
        ],
        "isMulticolor": false,
        "isMulticolor2": false,
        "tags": [
          "uni042F"
        ],
        "defaultCode": 1071,
        "grid": 1
      },
      "properties": {
        "id": 479,
        "order": 85,
        "ligatures": "",
        "prevSize": 32,
        "name": "uni042F"
      },
      "setIdx": 0,
      "setId": 6,
      "iconIdx": 478
    },
    {
      "icon": {
        "paths": [
          "M717.672 242.244h124.142v781.756h-124.142v-593.195l-411.345 593.195h-124.142v-781.756h124.142v593.195zM712.975 0q0 81.195-55.36 130.516t-145.279 49.321-145.615-49.657-55.696-130.181h101.326q0 46.972 25.499 73.478t74.485 26.506q46.972 0 73.478-26.17t26.506-73.814h100.655z"
        ],
        "isMulticolor": false,
        "isMulticolor2": false,
        "tags": [
          "uni0419.c2sc"
        ],
        "grid": 1
      },
      "properties": {
        "id": 1212,
        "order": 86,
        "ligatures": "",
        "prevSize": 32,
        "name": "uni0419c2sc"
      },
      "setIdx": 0,
      "setId": 6,
      "iconIdx": 1211
    }
  ],
  "height": 1024,
  "preferences": {
    "showGlyphs": true,
    "showQuickUse": true,
    "showQuickUse2": true,
    "showSVGs": true,
    "fontPref": {
      "prefix": "icon-",
      "metadata": {
        "fontFamily": "icomoon"
      },
      "metrics": {
        "emSize": 1024,
        "baseline": 25,
        "whitespace": 24.755859375
      },
      "embed": false
    },
    "imagePref": {
      "prefix": "icon-",
      "png": false,
      "useClassSelector": false,
      "color": 0,
      "bgColor": 16777215,
      "classSelector": ".icon",
      "name": "",
      "height": 32,
      "columns": 16,
      "margin": 16,
      "numPrefix": true
    },
    "historySize": 50,
    "showCodes": true,
    "gridSize": 16,
    "showGrid": false
  }
}